[
  {
    "Id": "268869",
    "ThreadId": "78547",
    "Html": "<p>如题。</p>",
    "PostedDate": "2009-12-18T04:09:36.12-08:00",
    "UserRole": null,
    "MarkedAsAnswerDate": null
  },
  {
    "Id": "268878",
    "ThreadId": "78547",
    "Html": "﻿\r\n<div>Codeplex 今天可能有点问题，不要在source code 里面下载源码，直接在downloads \r\n下面下载Release版本。源码可以过几天再试试下载。</div>\r\n<blockquote dir=ltr style=\"padding-right:0px;padding-left:5px;margin-left:5px;border-left:#000000 2px solid;margin-right:0px\">\r\n  <div style=\"font:9pt 宋体\">----- Original Message ----- </div>\r\n  <div style=\"background:#e4e4e4;font:9pt 宋体;font-color:black\"><b>From:</b> \r\n  [email removed] </div>\r\n  <div style=\"font:9pt 宋体\"><b>To:</b> [email removed] </div>\r\n  <div style=\"font:9pt 宋体\"><b>Sent:</b> Friday, December 18, 2009 11:09 \r\nPM</div>\r\n  <div style=\"font:9pt 宋体\"><b>Subject:</b> change set 52521 无法下载 \r\n  [pangusegment:78547]</div>\r\n  <div><br></div>\r\n  \r\n\r\n  <p>From: unruledboy</p>\r\n  <div id=ThreadNotificationPostBody>\r\n  <p>如题。</p></div>\r\n  </blockquote>",
    "PostedDate": "2009-12-18T04:36:47.92-08:00",
    "UserRole": null,
    "MarkedAsAnswerDate": null
  },
  {
    "Id": "269160",
    "ThreadId": "78547",
    "Html": "<p>可以下载了</p>",
    "PostedDate": "2009-12-18T18:28:26.413-08:00",
    "UserRole": null,
    "MarkedAsAnswerDate": null
  }
]