[
  {
    "Id": "506443",
    "ThreadId": "230685",
    "Html": "<p>下载了分词产品的几个包，发现\\PanGu4Lucene_V2.3.1.0\\PanGu4Lucene\\WebDemo\\Bin\\PanGu.xml和\\PanGu_Release_V2.3.1.0\\Release\\PanGu.xml 内容相差较大，应该会影响到demo里面的搜索效果吧？</p>",
    "PostedDate": "2010-10-13T00:11:09.763-07:00",
    "UserRole": null,
    "MarkedAsAnswerDate": null
  },
  {
    "Id": "506932",
    "ThreadId": "230685",
    "Html": "<p>你可以用 Demo.exe 生成一个最新的&nbsp; PanGu.xml</p>",
    "PostedDate": "2010-10-13T15:56:19-07:00",
    "UserRole": null,
    "MarkedAsAnswerDate": null
  }
]