[
  {
    "Id": "460507",
    "ThreadId": "217520",
    "Html": "<p>请问如何使用自定义规则?</p>\r\n<p>例如: 可以为你付出</p>\r\n<p>现在会分成: 可/以为/你/付出</p>\r\n<p>但我的目标是: 可以/为/你/付出</p>\r\n<p>&nbsp;</p>\r\n<p>请问我可以自定义规则, 即凡见到 &quot;可以为&quot;, 便会分成 &quot;可以/为&quot;吗?</p>",
    "PostedDate": "2010-06-27T22:58:05.417-07:00",
    "UserRole": null,
    "MarkedAsAnswerDate": null
  },
  {
    "Id": "460621",
    "ThreadId": "217520",
    "Html": "我可以为是你的问题呢。\r\n我/可/以为/是/你的/问题/呢\r\n我举这个例子是想告诉你，中文白话文是非常不严谨的，你解决了那个问题，却会在这个问题上出错。百分之百的准确分词是无法实现的。当然你这个问题是可以解决的，但不是你说的这种方法这么简单的。如果你要实现自定义规则也没有问题的，我有个自定义规则的接口，我的代码里面也有一个自定义规则的例子，你可以自己去看。\r\n\r\n",
    "PostedDate": "2010-06-28T05:32:18.69-07:00",
    "UserRole": null,
    "MarkedAsAnswerDate": null
  }
]