[
  {
    "Id": "660465",
    "ThreadId": "269673",
    "Html": "<p>我覺得第471行附近要改成如下,</p>\n<p>&nbsp;</p>\n<div style=\"color: black; background-color: white;\">\n<pre>                <span style=\"color: blue;\">if</span> (key.Length == 1)\n                {\n                    <span style=\"color: blue;\">if</span> (!_FirstCharDict.ContainsKey(key[0]))\n                    {\n                        _FirstCharDict.Add(key[0], wa);\n                    }\n                    <span style=\"color: blue;\">continue</span>;\n                }\n\n                <span style=\"color: blue;\">if</span> (key.Length == 2)\n                {\n                    <span style=\"color: blue;\">uint</span> doubleChar = ((<span style=\"color: blue;\">uint</span>)key[0] * 65536) + key[1];\n                    <span style=\"color: blue;\">if</span> (!_DoubleCharDict.ContainsKey(doubleChar))\n                    {\n                        _DoubleCharDict.Add(doubleChar, wa);\n                    }\n                    <span style=\"color: blue;\">continue</span>;\n                }\n\n</pre>\n</div>\n<p>&nbsp;</p>\n<p>就是那2個continue要往外移<br /> 不然字典理若有重覆的二字詞的話, 程式就會報錯,<br />來到第494行就會報錯,</p>\n<div style=\"color: black; background-color: white;\">\n<pre><span style=\"color: blue;\">long</span> tripleChar = ((<span style=\"color: blue;\">long</span>)key[0]) * 0x100000000 + (<span style=\"color: blue;\">uint</span>)(key[1] * 65536) + key[2];\n</pre>\n</div>\n<p>因為根本不會有key[2],<br /> 請確認, 感謝!</p>",
    "PostedDate": "2011-08-19T02:26:12.303-07:00",
    "UserRole": null,
    "MarkedAsAnswerDate": null
  }
]