[
  {
    "Id": "1091609",
    "ThreadId": "456645",
    "Html": "你好！<br />\n非常感谢您的开源精神！<br />\n<br />\n我正在研究怎么发现新的中药词汇，我手头有了部分药方和药的名称，怎么样通过分词来发现新的中药方剂词汇呢？<br />\n比如字典里面已经有了“六味地黄丸”，但是不能识别“龙胆泻肝汤”；而且奇怪的是，字典里面没有“天王补心丹”，也能识别。。<br />\n<br />\n谢谢！<br />\n",
    "PostedDate": "2013-09-12T01:56:58.35-07:00",
    "UserRole": null,
    "MarkedAsAnswerDate": null
  }
]