[
  {
    "Id": "503960",
    "ThreadId": "230073",
    "Html": "<p>比如说 本报/r&nbsp; 记者/n&nbsp; 何/nr&nbsp; 伟/nr&nbsp; 余/nr&nbsp; 继军/nr，因为我要用来做文本分类。</p>",
    "PostedDate": "2010-10-07T15:46:33.53-07:00",
    "UserRole": null,
    "MarkedAsAnswerDate": null
  },
  {
    "Id": "504149",
    "ThreadId": "230073",
    "Html": "<p>可以输出词性，那个WordInfo&nbsp; 结构中有一个 Pos 就是词性。</p>",
    "PostedDate": "2010-10-08T02:25:59.423-07:00",
    "UserRole": null,
    "MarkedAsAnswerDate": null
  },
  {
    "Id": "504572",
    "ThreadId": "230073",
    "Html": "<p>谢谢，你说得对！确实有个POS属性，但貌似只有中文的词性，英文的词性是不是要自己判断？</p>",
    "PostedDate": "2010-10-08T15:15:48.63-07:00",
    "UserRole": null,
    "MarkedAsAnswerDate": null
  },
  {
    "Id": "506930",
    "ThreadId": "230073",
    "Html": "<p>英文词性暂时没有做</p>",
    "PostedDate": "2010-10-13T15:55:10.037-07:00",
    "UserRole": null,
    "MarkedAsAnswerDate": null
  },
  {
    "Id": "518048",
    "ThreadId": "230073",
    "Html": "\r\n<p>是否会加入英文词性标注。在做英文网站的关键词提取中会用到。期待。。</p>\r\n",
    "PostedDate": "2010-11-05T20:42:08.367-07:00",
    "UserRole": null,
    "MarkedAsAnswerDate": null
  }
]