[
  {
    "Id": "1325459",
    "ThreadId": "572969",
    "Html": "我是mono的环境， 调用Init方法报了一个异常,  Directory &quot;\\&quot; not found. 查到是 PanGu.Framework.Path.GetAssemblyPath方法，似乎这个方法不能在Linux下运行。<br />\n",
    "PostedDate": "2014-11-24T02:08:59.647-08:00",
    "UserRole": null,
    "MarkedAsAnswerDate": null
  },
  {
    "Id": "1329037",
    "ThreadId": "572969",
    "Html": "已经做了修改，需要的朋友可以去 <a href=\"https://github.com/alex8224/Lucene.Net.Analysis.PanGu\" rel=\"nofollow\">https://github.com/alex8224/Lucene.Net.Analysis.PanGu</a> 看看。<br />\n",
    "PostedDate": "2014-12-05T02:01:42.777-08:00",
    "UserRole": null,
    "MarkedAsAnswerDate": null
  }
]