[
  {
    "Id": "443727",
    "ThreadId": "212876",
    "Html": "dear eaglet:\r\n\r\n我在词典中添加了Nokia的词汇.但分词的结果仍然是 Nokian 97 Nokian97\r\n如果我希望Nokia被切分出来,有什么方法可以处理?\r\n\r\n\r\n",
    "PostedDate": "2010-05-17T04:50:56.717-07:00",
    "UserRole": null,
    "MarkedAsAnswerDate": null
  },
  {
    "Id": "449852",
    "ThreadId": "212876",
    "Html": "<p>不好意思，今天才看到，这个可能只能通过自定义规则来处理了。我最近就会来增加这个自定义规则的功能。</p>",
    "PostedDate": "2010-06-01T00:13:53.003-07:00",
    "UserRole": null,
    "MarkedAsAnswerDate": null
  }
]