[
  {
    "Id": "223267",
    "ThreadId": "65558",
    "Html": "<p>项目的License写着是<span id=currentLicense>Apache License 2.0，但你的代码里面的协议文档是GPL，那到底是GPL还是Apache？如果是GPL，那商业不友好，一般用户都用不上</span></p>",
    "PostedDate": "2009-08-14T00:19:27.56-07:00",
    "UserRole": null,
    "MarkedAsAnswerDate": null
  },
  {
    "Id": "223274",
    "ThreadId": "65558",
    "Html": "<p>是 Apache License 2.0&nbsp; ， 我代码里面那个协议拷错了，实在是低级错误，我下个版本把它改过来。</p>\r\n<p>&nbsp;</p>\r\n<p>&nbsp;</p>",
    "PostedDate": "2009-08-14T01:01:03.873-07:00",
    "UserRole": null,
    "MarkedAsAnswerDate": null
  },
  {
    "Id": "223276",
    "ThreadId": "65558",
    "Html": "<p>已经把 V1.0.0.2 版本代码里面带的开源协议改成 Apache License 2.0 了。</p>\r\n<p>&nbsp;</p>",
    "PostedDate": "2009-08-14T01:14:28.18-07:00",
    "UserRole": null,
    "MarkedAsAnswerDate": null
  },
  {
    "Id": "223281",
    "ThreadId": "65558",
    "Html": "<p>不错，Apache是一个相当友好的协议，你的项目真不错。</p>",
    "PostedDate": "2009-08-14T01:34:30.597-07:00",
    "UserRole": null,
    "MarkedAsAnswerDate": null
  }
]