[
  {
    "Id": "65548",
    "Title": "引用VB运行时不是一个好主意",
    "LatestDate": "2009-08-13T22:42:50.34-07:00"
  },
  {
    "Id": "65550",
    "Title": "简繁转化",
    "LatestDate": "2009-08-13T22:32:41.35-07:00"
  },
  {
    "Id": "65558",
    "Title": "协议是GPL还是Apache?",
    "LatestDate": "2009-08-14T01:34:30.597-07:00"
  },
  {
    "Id": "65566",
    "Title": "钱是未知词性?",
    "LatestDate": "2009-08-14T03:15:43.023-07:00"
  },
  {
    "Id": "78547",
    "Title": "change set 52521 无法下载",
    "LatestDate": "2009-12-18T18:28:26.413-08:00"
  },
  {
    "Id": "78610",
    "Title": "\"互联网\"的切分",
    "LatestDate": "2009-12-18T18:38:29.69-08:00"
  },
  {
    "Id": "212876",
    "Title": "NokiaN97 的切分.",
    "LatestDate": "2010-06-01T00:13:53.003-07:00"
  },
  {
    "Id": "217520",
    "Title": "自定义规则",
    "LatestDate": "2010-06-28T05:32:18.69-07:00"
  },
  {
    "Id": "217541",
    "Title": "如何改变分词符号",
    "LatestDate": "2010-06-28T05:26:32.287-07:00"
  },
  {
    "Id": "223320",
    "Title": "MSSQL 全文检索",
    "LatestDate": "2010-08-12T16:55:06.79-07:00"
  },
  {
    "Id": "230073",
    "Title": "请问盘古分词能输出词性吗？",
    "LatestDate": "2010-11-05T20:42:08.367-07:00"
  },
  {
    "Id": "230685",
    "Title": "Pangu.xml内容相差较大？",
    "LatestDate": "2010-10-13T15:56:19-07:00"
  },
  {
    "Id": "235408",
    "Title": "请问盘古分词能自定义词性吗？",
    "LatestDate": "2010-11-19T20:13:11.253-08:00"
  },
  {
    "Id": "249745",
    "Title": "英文词干提取的bug",
    "LatestDate": "2011-03-15T15:03:46.82-07:00"
  },
  {
    "Id": "257896",
    "Title": "词典编辑器哪里有呀？",
    "LatestDate": "2011-05-20T02:26:39.853-07:00"
  },
  {
    "Id": "258042",
    "Title": "数词的词性",
    "LatestDate": "2011-05-20T02:26:02.84-07:00"
  },
  {
    "Id": "262877",
    "Title": "请问：字典中的索引的关键字？",
    "LatestDate": "2011-06-26T20:29:11.13-07:00"
  },
  {
    "Id": "267295",
    "Title": "数字加中文的组合怎么识别呢？",
    "LatestDate": "2011-08-01T07:02:01.333-07:00"
  },
  {
    "Id": "269673",
    "Title": "WordDictionary.cs裡的bug",
    "LatestDate": "2011-08-19T02:26:12.303-07:00"
  },
  {
    "Id": "356780",
    "Title": "程序压缩包Doc目录中的doc文件名字拼写错误",
    "LatestDate": "2012-05-22T17:52:45.023-07:00"
  },
  {
    "Id": "356935",
    "Title": "高手你好，感谢您提供的这个盘古分词组件。我在使用盘古分词时遇到以下问题：",
    "LatestDate": "2012-06-17T17:53:04.347-07:00"
  },
  {
    "Id": "397369",
    "Title": "Segment.cs的NullReferenceException",
    "LatestDate": "2012-09-28T22:33:36.17-07:00"
  },
  {
    "Id": "442434",
    "Title": "请问可以支持最近的Lucene.Net版本是哪个？",
    "LatestDate": "2013-05-03T01:40:11.697-07:00"
  },
  {
    "Id": "456645",
    "Title": "怎么样设置专业名词",
    "LatestDate": "2013-09-12T01:56:58.35-07:00"
  },
  {
    "Id": "544771",
    "Title": "DoSegment產生錯誤",
    "LatestDate": "2014-05-08T19:12:01.307-07:00"
  },
  {
    "Id": "572969",
    "Title": "盘古分词是否不能在Linux下运行?",
    "LatestDate": "2014-12-05T02:01:42.777-08:00"
  }
]