[
  {
    "Id": "479556",
    "ThreadId": "223320",
    "Html": "<p>你好, MSSQL 2005 的全文检索(Full text Indexing) 也有分词模组--chsbrkr.dll, chtbrkr.dll.</p>\r\n<p>但和你的盘古分词比较, 在准确性和辨认人名方面, 盘古远远超越MSSQL的分词,.</p>\r\n<p>我想问, 有方法将你的盘古分词模组取代MSSQL 2005 的chsbrkr.dll 或 chtbrkr.dll?</p>\r\n<p>我深信如果可以,&nbsp;盘古分词必定更发扬光大!</p>\r\n<p>&nbsp;</p>",
    "PostedDate": "2010-08-12T01:07:23.52-07:00",
    "UserRole": null,
    "MarkedAsAnswerDate": null
  },
  {
    "Id": "479947",
    "ThreadId": "223320",
    "Html": "<p>MSSQL 的全文索引功能太弱了，微软自己都不好意思推。你看看我做的全文索引吧，比微软那个强多了</p>\r\n<p>http://hubbledotnet.codeplex.com/</p>\r\n<p>http://www.cnblogs.com/eaglet/archive/2010/04/07/1706305.html</p>\r\n<p>http://space.cnblogs.com/group/search/</p>\r\n<p>&nbsp;</p>",
    "PostedDate": "2010-08-12T16:55:06.79-07:00",
    "UserRole": null,
    "MarkedAsAnswerDate": null
  }
]