[
  {
    "Id": "223234",
    "ThreadId": "65548",
    "Html": "<p>你引用了VB运行时来做简繁体转换，其实有更简单的做法，VB运行时也是这样做的</p>\r\n<p>using System.Runtime.InteropServices;</p>\r\n<p><br>&nbsp;&nbsp;&nbsp;&nbsp;&nbsp;&nbsp;&nbsp; internal enum TextCnversionTypes<br>&nbsp;&nbsp;&nbsp;&nbsp;&nbsp;&nbsp;&nbsp; {<br>&nbsp;&nbsp;&nbsp;&nbsp;&nbsp;&nbsp;&nbsp;&nbsp;&nbsp;&nbsp;&nbsp; None = 0,<br>&nbsp;&nbsp;&nbsp;&nbsp;&nbsp;&nbsp;&nbsp;&nbsp;&nbsp;&nbsp;&nbsp; Traditional = 1,<br>&nbsp;&nbsp;&nbsp;&nbsp;&nbsp;&nbsp;&nbsp;&nbsp;&nbsp;&nbsp;&nbsp; Simplified = 2,<br>&nbsp;&nbsp;&nbsp;&nbsp;&nbsp;&nbsp;&nbsp;&nbsp;&nbsp;&nbsp;&nbsp; Wide = 4,<br>&nbsp;&nbsp;&nbsp;&nbsp;&nbsp;&nbsp;&nbsp;&nbsp;&nbsp;&nbsp;&nbsp; Narrow = 8,<br>&nbsp;&nbsp;&nbsp;&nbsp;&nbsp;&nbsp;&nbsp; }</p>\r\n<p>&nbsp;&nbsp;&nbsp;&nbsp;&nbsp;&nbsp;&nbsp; [DllImport(&quot;kernel32.dll&quot;, CharSet = CharSet.Unicode)]<br>&nbsp;&nbsp;&nbsp;&nbsp;&nbsp;&nbsp;&nbsp; private static extern int LCMapString(int Locale, uint dwMapFlags, [MarshalAs(UnmanagedType.LPTStr)] string lpSrcStr, int cchSrc, IntPtr lpDestStr, int cchDest);<br>&nbsp;&nbsp;&nbsp;&nbsp;&nbsp;&nbsp;&nbsp; private const int LCMAP_SIMPLIFIED_CHINESE = 0x02000000;<br>&nbsp;&nbsp;&nbsp;&nbsp;&nbsp;&nbsp;&nbsp; private const int LCMAP_TRADITIONAL_CHINESE = 0x04000000;<br>&nbsp;&nbsp;&nbsp;&nbsp;&nbsp;&nbsp;&nbsp; private const int LCMAP_NARROW_CHINESE = 0x0400000;<br>&nbsp;&nbsp;&nbsp;&nbsp;&nbsp;&nbsp;&nbsp; private const int LCMAP_WIDE_CHINESE = 0x0800000;</p>\r\n<p>&nbsp;&nbsp;&nbsp;&nbsp;&nbsp;&nbsp;&nbsp; internal static String ConvertString(String Content, TextCnversionTypes ConversionType)<br>&nbsp;&nbsp;&nbsp;&nbsp;&nbsp;&nbsp;&nbsp; {<br>&nbsp;&nbsp;&nbsp;&nbsp;&nbsp;&nbsp;&nbsp;&nbsp;&nbsp;&nbsp;&nbsp; switch (ConversionType)<br>&nbsp;&nbsp;&nbsp;&nbsp;&nbsp;&nbsp;&nbsp;&nbsp;&nbsp;&nbsp;&nbsp; {<br>&nbsp;&nbsp;&nbsp;&nbsp;&nbsp;&nbsp;&nbsp;&nbsp;&nbsp;&nbsp;&nbsp;&nbsp;&nbsp;&nbsp;&nbsp; default:<br>&nbsp;&nbsp;&nbsp;&nbsp;&nbsp;&nbsp;&nbsp;&nbsp;&nbsp;&nbsp;&nbsp;&nbsp;&nbsp;&nbsp;&nbsp;&nbsp;&nbsp;&nbsp;&nbsp; uint dwMapFlags = 0;<br>&nbsp;&nbsp;&nbsp;&nbsp;&nbsp;&nbsp;&nbsp;&nbsp;&nbsp;&nbsp;&nbsp;&nbsp;&nbsp;&nbsp;&nbsp;&nbsp;&nbsp;&nbsp;&nbsp; if ((ConversionType &amp; TextCnversionTypes.Simplified) != TextCnversionTypes.None)<br>&nbsp;&nbsp;&nbsp;&nbsp;&nbsp;&nbsp;&nbsp;&nbsp;&nbsp;&nbsp;&nbsp;&nbsp;&nbsp;&nbsp;&nbsp;&nbsp;&nbsp;&nbsp;&nbsp;&nbsp;&nbsp;&nbsp;&nbsp; dwMapFlags |= LCMAP_SIMPLIFIED_CHINESE;<br>&nbsp;&nbsp;&nbsp;&nbsp;&nbsp;&nbsp;&nbsp;&nbsp;&nbsp;&nbsp;&nbsp;&nbsp;&nbsp;&nbsp;&nbsp;&nbsp;&nbsp;&nbsp;&nbsp; else if ((ConversionType &amp; TextCnversionTypes.Traditional) != TextCnversionTypes.None)<br>&nbsp;&nbsp;&nbsp;&nbsp;&nbsp;&nbsp;&nbsp;&nbsp;&nbsp;&nbsp;&nbsp;&nbsp;&nbsp;&nbsp;&nbsp;&nbsp;&nbsp;&nbsp;&nbsp;&nbsp;&nbsp;&nbsp;&nbsp; dwMapFlags |= LCMAP_TRADITIONAL_CHINESE;</p>\r\n<p>&nbsp;&nbsp;&nbsp;&nbsp;&nbsp;&nbsp;&nbsp;&nbsp;&nbsp;&nbsp;&nbsp;&nbsp;&nbsp;&nbsp;&nbsp;&nbsp;&nbsp;&nbsp;&nbsp; if ((ConversionType &amp; TextCnversionTypes.Narrow) != TextCnversionTypes.None)<br>&nbsp;&nbsp;&nbsp;&nbsp;&nbsp;&nbsp;&nbsp;&nbsp;&nbsp;&nbsp;&nbsp;&nbsp;&nbsp;&nbsp;&nbsp;&nbsp;&nbsp;&nbsp;&nbsp;&nbsp;&nbsp;&nbsp;&nbsp; dwMapFlags |= LCMAP_NARROW_CHINESE;<br>&nbsp;&nbsp;&nbsp;&nbsp;&nbsp;&nbsp;&nbsp;&nbsp;&nbsp;&nbsp;&nbsp;&nbsp;&nbsp;&nbsp;&nbsp;&nbsp;&nbsp;&nbsp;&nbsp; else if ((ConversionType &amp; TextCnversionTypes.Wide) != TextCnversionTypes.None)<br>&nbsp;&nbsp;&nbsp;&nbsp;&nbsp;&nbsp;&nbsp;&nbsp;&nbsp;&nbsp;&nbsp;&nbsp;&nbsp;&nbsp;&nbsp;&nbsp;&nbsp;&nbsp;&nbsp;&nbsp;&nbsp;&nbsp;&nbsp; dwMapFlags |= LCMAP_WIDE_CHINESE;</p>\r\n<p>&nbsp;&nbsp;&nbsp;&nbsp;&nbsp;&nbsp;&nbsp;&nbsp;&nbsp;&nbsp;&nbsp;&nbsp;&nbsp;&nbsp;&nbsp;&nbsp;&nbsp;&nbsp;&nbsp; int cb = (Content.Length * 2) + 2;<br>&nbsp;&nbsp;&nbsp;&nbsp;&nbsp;&nbsp;&nbsp;&nbsp;&nbsp;&nbsp;&nbsp;&nbsp;&nbsp;&nbsp;&nbsp;&nbsp;&nbsp;&nbsp;&nbsp; IntPtr lpDestStr = Marshal.AllocHGlobal(cb);<br>&nbsp;&nbsp;&nbsp;&nbsp;&nbsp;&nbsp;&nbsp;&nbsp;&nbsp;&nbsp;&nbsp;&nbsp;&nbsp;&nbsp;&nbsp;&nbsp;&nbsp;&nbsp;&nbsp; LCMapString(0x804, dwMapFlags, Content, -1, lpDestStr, cb);<br>&nbsp;&nbsp;&nbsp;&nbsp;&nbsp;&nbsp;&nbsp;&nbsp;&nbsp;&nbsp;&nbsp;&nbsp;&nbsp;&nbsp;&nbsp;&nbsp;&nbsp;&nbsp;&nbsp; string str = Marshal.PtrToStringUni(lpDestStr);<br>&nbsp;&nbsp;&nbsp;&nbsp;&nbsp;&nbsp;&nbsp;&nbsp;&nbsp;&nbsp;&nbsp;&nbsp;&nbsp;&nbsp;&nbsp;&nbsp;&nbsp;&nbsp;&nbsp; Marshal.FreeHGlobal(lpDestStr);<br>&nbsp;&nbsp;&nbsp;&nbsp;&nbsp;&nbsp;&nbsp;&nbsp;&nbsp;&nbsp;&nbsp;&nbsp;&nbsp;&nbsp;&nbsp;&nbsp;&nbsp;&nbsp;&nbsp; return str;<br>&nbsp;&nbsp;&nbsp;&nbsp;&nbsp;&nbsp;&nbsp;&nbsp;&nbsp;&nbsp;&nbsp; }<br>&nbsp;&nbsp;&nbsp;&nbsp;&nbsp;&nbsp;&nbsp; }</p>\r\n<p>&nbsp;</p>",
    "PostedDate": "2009-08-13T20:48:14.527-07:00",
    "UserRole": null,
    "MarkedAsAnswerDate": null
  },
  {
    "Id": "223239",
    "ThreadId": "65548",
    "Html": "<p>引用VB运行时的坏处是什么，能详细说说吗？</p>\r\n<p>如果直接调用windows API ，我不知道兼容性会怎么样，特别是64位系统下会怎么样，没有测试过。</p>\r\n<p>&nbsp;</p>",
    "PostedDate": "2009-08-13T21:41:48.317-07:00",
    "UserRole": null,
    "MarkedAsAnswerDate": null
  },
  {
    "Id": "223243",
    "ThreadId": "65548",
    "Html": "<p>坏处是你需要多加载一个程序集:)</p>\r\n<p>32位兼容性没问题，上面的代码就是反编译vb运行时的，64位没测试过</p>",
    "PostedDate": "2009-08-13T21:55:05.963-07:00",
    "UserRole": null,
    "MarkedAsAnswerDate": null
  },
  {
    "Id": "223245",
    "ThreadId": "65548",
    "Html": "<p>64位系统测试过了，无论程序是x86还是x64，都能正确跑</p>",
    "PostedDate": "2009-08-13T22:04:05.423-07:00",
    "UserRole": null,
    "MarkedAsAnswerDate": null
  },
  {
    "Id": "223246",
    "ThreadId": "65548",
    "Html": "<p>多加载一个程序集似乎还不是不能忍受。启动时间增加的开销和加载字典比起来应该要小很多。我觉得兼容性更重要一些，能不调用API 尽量不调用API，毕竟我没有微软的测试工程师那种条件，可以测试所有系统的兼容性。</p>\r\n<p>&nbsp;</p>",
    "PostedDate": "2009-08-13T22:08:54.677-07:00",
    "UserRole": null,
    "MarkedAsAnswerDate": null
  },
  {
    "Id": "223254",
    "ThreadId": "65548",
    "Html": "<p>你也有理，不同场合有不同的需求。你的文章和项目都不错，希望你继续改进。</p>",
    "PostedDate": "2009-08-13T22:42:50.34-07:00",
    "UserRole": null,
    "MarkedAsAnswerDate": null
  }
]