[
  {
    "Id": "269163",
    "ThreadId": "78610",
    "Html": "<p>&quot;互联网&quot;被切分为&quot;互&quot;和&quot;联网&quot;，为什么不是互联网？</p>",
    "PostedDate": "2009-12-18T18:31:31.073-08:00",
    "UserRole": null,
    "MarkedAsAnswerDate": null
  },
  {
    "Id": "269165",
    "ThreadId": "78610",
    "Html": "<p>原来词典没有这个词。看来词典跟不上时代步伐啊</p>",
    "PostedDate": "2009-12-18T18:38:29.69-08:00",
    "UserRole": null,
    "MarkedAsAnswerDate": null
  }
]