[
  {
    "Id": "614463",
    "ThreadId": "258042",
    "Html": "\r\n<p>你好！</p>\r\n<p>&nbsp;&nbsp;&nbsp;&nbsp;&nbsp;&nbsp; 关于数字1，2，3，4，5最新的字典文件里没有，我加进去以后，为什么对这些数字的词性还显示&ldquo;未知词性&rdquo;呢。类型显示为：Numic。是不是BUG呀！</p>\r\n",
    "PostedDate": "2011-05-18T02:15:31.083-07:00",
    "UserRole": null,
    "MarkedAsAnswerDate": null
  },
  {
    "Id": "615762",
    "ThreadId": "258042",
    "Html": "<p>数词是单独处理的，要通过类型来判断</p>",
    "PostedDate": "2011-05-20T02:26:02.84-07:00",
    "UserRole": null,
    "MarkedAsAnswerDate": null
  }
]