[
  {
    "Id": "840260",
    "ThreadId": "356935",
    "Html": "\r\n<p>我使用的dll版本是：<br>\r\nLucene.Net 2.9.2.1<br>\r\nPanGu 2.3.0.0<br>\r\nPanGu.Lucene.Analyzer 1.3.1.0</p>\r\n<p>IndexWriter writer = new IndexWriter(d, new PanGuAnalyzer(), true);<br>\r\ndoc.Add(new Field(&quot;PID&quot;, dr[&quot;PID&quot;].ToString(), Field.Store.YES, Field.Index.NO));<br>\r\nwriter.AddDocument(doc);//当执行这行是就报了以下异常</p>\r\n<p>2012-05-24 15:28:06,038 [5] INFO&nbsp; WindowsServiceLog - 2012/5/24 15:28:04建立索引出现异常引发类型为&ldquo;System.OutOfMemoryException&rdquo;的异常。&nbsp;&nbsp; 在 Lucene.Net.Index.IndexWriter.HandleOOM(OutOfMemoryException oom, String location) 位置 C:\\ApolloWorkFolder\\test\\laboratory\\Opensource\\Lucene.Net\\src\\Lucene.Net\\Index\\IndexWriter.cs:行号\r\n 6677<br>\r\n&nbsp;&nbsp; 在 Lucene.Net.Index.IndexWriter.AddDocument(Document doc, Analyzer analyzer) 位置 C:\\ApolloWorkFolder\\test\\laboratory\\Opensource\\Lucene.Net\\src\\Lucene.Net\\Index\\IndexWriter.cs:行号 2888<br>\r\n&nbsp;&nbsp; 在 Lucene.Net.Index.IndexWriter.AddDocument(Document doc) 位置 C:\\ApolloWorkFolder\\test\\laboratory\\Opensource\\Lucene.Net\\src\\Lucene.Net\\Index\\IndexWriter.cs:行号 2831<br>\r\n&nbsp;&nbsp; <br>\r\n但是当我使用new Lucene.Net.Analysis.Standard.StandardAnalyzer()替换掉new PanGuAnalyzer()时，就正常了，但中文分词后都是单字的。<br>\r\n能帮忙看看问题出在哪里吗？谢谢了</p>\r\n",
    "PostedDate": "2012-05-24T00:48:05.52-07:00",
    "UserRole": null,
    "MarkedAsAnswerDate": null
  },
  {
    "Id": "850136",
    "ThreadId": "356935",
    "Html": "<p>这个应该不是盘古分词的问题，而是lucene的问题。为什么用 StandardAnalyzer 没问题，可能是 StandardAnalyzer 分出来的词比pangu 的少，没有出现内存不足。</p>\r\n<p>可能和你调用 lucene 的方式有关，lucene 的较新版本不能每次都去打开 WriterIndex ，否则内存会增长很快。</p>",
    "PostedDate": "2012-06-17T17:53:04.347-07:00",
    "UserRole": null,
    "MarkedAsAnswerDate": null
  }
]