[
  {
    "Id": "613803",
    "ThreadId": "257896",
    "Html": "\r\n<p>我用不了那么多的词，哪里有编辑器可以自己编辑dic文件的呢？</p>\r\n",
    "PostedDate": "2011-05-17T02:44:29.917-07:00",
    "UserRole": null,
    "MarkedAsAnswerDate": null
  },
  {
    "Id": "615760",
    "ThreadId": "257896",
    "Html": "<p>组件里面有个 DictManager ，这个是字典编辑工具</p>",
    "PostedDate": "2011-05-20T02:25:02.007-07:00",
    "UserRole": null,
    "MarkedAsAnswerDate": null
  },
  {
    "Id": "615763",
    "ThreadId": "257896",
    "Html": "&#65279;\r\n<div><font size=\"2\" face=\"宋体\">恩，后来自己搞定了。感谢您的回信。</font></div>\r\n<div><font size=\"2\" face=\"宋体\"></font></div>\r\n<div><font size=\"2\" face=\"宋体\"></font></div>\r\n<div></div>\r\n<blockquote dir=\"ltr\" style=\"border-left:#000000 2px solid; padding-left:5px; padding-right:0px; margin-left:5px; margin-right:0px\">\r\n<div style=\"font:9pt 宋体\">----- Original Message ----- </div>\r\n<div style=\"font:9pt 宋体; background:#e4e4e4\"><b>From:</b> [email removed] </div>\r\n<div style=\"font:9pt 宋体\"><b>To:</b> [email removed] </div>\r\n<div style=\"font:9pt 宋体\"><b>Sent:</b> Friday, May 20, 2011 5:25 PM</div>\r\n<div style=\"font:9pt 宋体\"><b>Subject:</b> Re: 词典编辑器哪里有呀？ [pangusegment:257896]</div>\r\n<div><br>\r\n</div>\r\n<p>From: eaglet2006</p>\r\n<div id=\"ThreadNotificationPostBody\">\r\n<p>组件里面有个 DictManager ，这个是字典编辑工具</p>\r\n</div>\r\n</blockquote>\r\n",
    "PostedDate": "2011-05-20T02:26:39.853-07:00",
    "UserRole": null,
    "MarkedAsAnswerDate": null
  }
]