[
  {
    "Id": "223292",
    "ThreadId": "65566",
    "Html": "<p>钱不是名词吗？</p>\r\n<p>刚查了一下，词典里面都没有</p>",
    "PostedDate": "2009-08-14T02:02:18.82-07:00",
    "UserRole": null,
    "MarkedAsAnswerDate": null
  },
  {
    "Id": "223316",
    "ThreadId": "65566",
    "Html": "<p>不是所有的单字词都在字典中，单字词多了，会对分词产生干扰，所以我只加了部分单字词进去。当然那个字典也不是非常全，还需要补充。</p>\r\n<p>&nbsp;</p>",
    "PostedDate": "2009-08-14T03:15:43.023-07:00",
    "UserRole": null,
    "MarkedAsAnswerDate": null
  }
]