[
  {
    "Id": "1243340",
    "ThreadId": "544771",
    "Html": "您好！非常感謝您開發的這個組件，以下有一點問題，希望您能解惑\r<br />\n<br />\n我使用的是C# WindowsFormsApplication專案\r<br />\n<br />\n1  var segment = new Segment();\r<br />\n2  var words = segment.DoSegment(textBox1.Text);\r<br />\n在&quot;2&quot;這行程式碼出現了錯誤\r<br />\n<br />\n<img src=\"http://ppt.cc/iY61\" alt=\"Image\" />\r<br />\n<br />\nPanGu.dll已經引用了，字典檔也放了\r<br />\n一開始可以正常執行，後來這個錯誤就跑出來了\r<br />\n求解<br />\n",
    "PostedDate": "2014-05-08T19:12:01.307-07:00",
    "UserRole": null,
    "MarkedAsAnswerDate": null
  }
]