[
  {
    "Id": "223240",
    "ThreadId": "65550",
    "Html": "<p>用这个类库就可以实现简繁转化了，Microsoft Visual Studio International Pack</p>",
    "PostedDate": "2009-08-13T21:43:16.967-07:00",
    "UserRole": null,
    "MarkedAsAnswerDate": null
  },
  {
    "Id": "223247",
    "ThreadId": "65550",
    "Html": "<p>调用这个类库和调用VB运行时类库做简繁转换有什么区别吗？好处在哪里？</p>\r\n<p>&nbsp;</p>",
    "PostedDate": "2009-08-13T22:10:29.79-07:00",
    "UserRole": null,
    "MarkedAsAnswerDate": null
  },
  {
    "Id": "223251",
    "ThreadId": "65550",
    "Html": "<p>用Microsoft Visual Studio International Pack，相比VB运行时更加不是一个好主意，起码VB运行时是.net自带的，你这个还需要下载安装</p>",
    "PostedDate": "2009-08-13T22:32:41.35-07:00",
    "UserRole": null,
    "MarkedAsAnswerDate": null
  }
]