[
  {
    "Id": "460553",
    "ThreadId": "217541",
    "Html": "<p>你好,</p>\r\n<p>我尝试改Source Code,但找也找不到分词符号&quot;/&quot;, 我想改用&quot;|&quot;来将词分开, 请问可在哪里改呢?</p>\r\n<p>谢谢.</p>",
    "PostedDate": "2010-06-28T01:54:55.617-07:00",
    "UserRole": null,
    "MarkedAsAnswerDate": null
  },
  {
    "Id": "460617",
    "ThreadId": "217541",
    "Html": "如果你指的是那个界面，你改Demo 那个界面程序就可以了。盘古分词本身是不输出分词符号的。",
    "PostedDate": "2010-06-28T05:26:32.287-07:00",
    "UserRole": null,
    "MarkedAsAnswerDate": null
  }
]