{
  "WorkItem": {
    "AffectedComponent": {
      "Name": "",
      "DisplayName": ""
    },
    "ClosedComment": "",
    "ClosedDate": null,
    "CommentCount": 0,
    "Custom": null,
    "Description": "在Segment.cs中有6处使用Microsoft.VisualBasic.String.StrConv方法，主要用来对中文进行简繁转换，但是由于MONO的Microsoft.VisualBasic.String.StrConv方法不支持SimplifiedChinese和TraditionChinese的转换，导致盘古分词没有办法在MONO环境下使用\n \n是否可以移除对Microsoft.VisualBasic.String.StrConv的依赖，使用第三方或自行编写的简繁转换库，以加强盘古分词的平台适应性和可移植性\n \n附件为MONO下的Microsoft.VisualBasic.String.StrConv方法实现，可见没有对中文给予任何支持，只会抛出异常",
    "LastUpdatedDate": "2015-01-05T21:22:07.553-08:00",
    "PlannedForRelease": "",
    "ReleaseVisibleToPublic": false,
    "Priority": {
      "Name": "Low",
      "Severity": 50,
      "Id": 1
    },
    "ProjectName": "pangusegment",
    "ReportedDate": "2012-03-29T20:43:05.383-07:00",
    "Status": {
      "Name": "Proposed",
      "Id": 1
    },
    "ReasonClosed": {
      "Name": "Unassigned"
    },
    "Summary": "移除对Microsoft.VisualBasic.String.StrConv的依赖",
    "Type": {
      "Name": "Issue",
      "Id": 3
    },
    "VoteCount": 2,
    "Id": 14971
  },
  "FileAttachments": [
    {
      "FileId": 4298,
      "FileName": "7c6576d6gw1drh555rffij.jpg",
      "DownloadUrl": ".\\4298"
    }
  ],
  "Comments": []
}