[
  {
    "Id": "0",
    "Name": "盘古分词 V2.1.1.0 版本",
    "DevelopmentStatus": "Stable",
    "Description": "修改如下bug：单个句子长度很长时会发生死循环 \n修改了初始分词的核心算法，解决了长中文句子分词不准确且效率低下的问题。\n修改了字典管理工具删除和修改单词上的2个bug\n增加了对字典编写版本号的功能",
    "ReleasedDatge": "0001-01-01T00:00:00",
    "ModifiedDate": "2010-06-20T18:06:06.05-07:00",
    "Files": [
      {
        "Id": "e3e43794-42d6-4dde-9ebd-68863e37c5ce",
        "FileName": "PanGu_ReleaseV2.1.1.0.zip",
        "Url": "./0/e3e43794-42d6-4dde-9ebd-68863e37c5ce",
        "Type": "Application",
        "UploadDate": "2010-06-20T18:05:24-07:00"
      },
      {
        "Id": "1a10f7c2-9d0e-4bb6-a4a7-5668ce4d7106",
        "FileName": "PanGu4LuceneV2.1.1.0.zip",
        "Url": "./0/1a10f7c2-9d0e-4bb6-a4a7-5668ce4d7106",
        "Type": "Example",
        "UploadDate": "2010-06-20T18:05:24.063-07:00"
      },
      {
        "Id": "2aa867fe-4b12-4371-8eff-cdbcbdb7cbc2",
        "FileName": "Mannual.pdf",
        "Url": "./0/2aa867fe-4b12-4371-8eff-cdbcbdb7cbc2",
        "Type": "Documentation",
        "UploadDate": "2010-06-17T23:09:28.727-07:00"
      }
    ]
  },
  {
    "Id": "1",
    "Name": "V2.001 版本字典",
    "DevelopmentStatus": "Stable",
    "Description": "从这个字典开始，我开始对字典加注版本号，以方便维护。\nV2.001 版本的字典对原来V1.0版本的字典做了整理，去除了4万多个不是词的词，增加了3000多个成语，增加了1800多个常用词。\n并根据国家语言发展委员会的常用词表，调整了5万多个常用词的词频。",
    "ReleasedDatge": "0001-01-01T00:00:00",
    "ModifiedDate": "2010-06-17T22:40:56.873-07:00",
    "Files": [
      {
        "Id": "1d86cef1-8b88-46f6-b7d1-600332df6bdd",
        "FileName": "Dictionaries.zip",
        "Url": "./1/1d86cef1-8b88-46f6-b7d1-600332df6bdd",
        "Type": "Application",
        "UploadDate": "2010-06-17T22:40:27.157-07:00"
      }
    ]
  },
  {
    "Id": "2",
    "Name": "V2.0.0.0",
    "DevelopmentStatus": "Stable",
    "Description": "进一步优化性能，分词速度达到将近 500K ，1.2.0.1 版本只有 320K \n修改 PanGu.Lucene.Analyzer, 支持 Lucene.net 2.9 版本。 \n增加对字典中以数字开头的专业非中文词汇的识别 \n增加英文分词开关，权重由英文小写权重和英文词根权重两个参数来决定。 \n增加同义词分词和通配符匹配分词 \n增加自定义规则接口 \n增加从文本文件加载字典功能和保存为文本文件字典功能。\n重新整理了字典",
    "ReleasedDatge": "0001-01-01T00:00:00",
    "ModifiedDate": "2010-06-17T23:06:24.08-07:00",
    "Files": [
      {
        "Id": "aa2f14d4-99df-4e20-971a-45c3776cd060",
        "FileName": "PanGu_ReleaseV2.0.0.0.zip",
        "Url": "./2/aa2f14d4-99df-4e20-971a-45c3776cd060",
        "Type": "Application",
        "UploadDate": "2010-06-04T00:49:09.05-07:00"
      },
      {
        "Id": "c382fa7c-5645-4f72-8156-97602bcffe54",
        "FileName": "PanGu4LuceneV2.0.0.0.zip",
        "Url": "./2/c382fa7c-5645-4f72-8156-97602bcffe54",
        "Type": "Example",
        "UploadDate": "2010-06-04T00:49:09.097-07:00"
      },
      {
        "Id": "103cd3d8-9555-45b2-a6f9-be027e6c978d",
        "FileName": "Mannual.pdf",
        "Url": "./2/103cd3d8-9555-45b2-a6f9-be027e6c978d",
        "Type": "Documentation",
        "UploadDate": "2010-06-04T00:49:09.363-07:00"
      }
    ]
  },
  {
    "Id": "3",
    "Name": "V1.2.0.0",
    "DevelopmentStatus": "Stable",
    "Description": "增加如下功能\n1. 未登录词识别的开关，可以允许关闭未登录词识别功能\n2. 英文忽略大小写功能\n3. 过滤掉大于指定长度的英文的功能\n4. 过滤掉大于指定长度的数字的功能",
    "ReleasedDatge": "0001-01-01T00:00:00",
    "ModifiedDate": "2010-06-04T00:50:43.853-07:00",
    "Files": [
      {
        "Id": "752052c8-6625-4c80-a8ac-2a218c7b29b3",
        "FileName": "PanGu_ReleaseV1.2.0.0.zip",
        "Url": "./3/752052c8-6625-4c80-a8ac-2a218c7b29b3",
        "Type": "Application",
        "UploadDate": "2010-02-02T20:59:15.323-08:00"
      },
      {
        "Id": "47ffafae-cf03-4ddb-b2e5-68b4c705c8bc",
        "FileName": "PanGu4LuceneV1.2.0.0.zip",
        "Url": "./3/47ffafae-cf03-4ddb-b2e5-68b4c705c8bc",
        "Type": "Example",
        "UploadDate": "2010-02-02T20:47:04.167-08:00"
      },
      {
        "Id": "296c3956-ea02-4f32-a9e3-07bd38f1faba",
        "FileName": "Mannual.pdf",
        "Url": "./3/296c3956-ea02-4f32-a9e3-07bd38f1faba",
        "Type": "Documentation",
        "UploadDate": "2010-02-02T20:47:04.84-08:00"
      }
    ]
  },
  {
    "Id": "4",
    "Name": "V1.1.0.1",
    "DevelopmentStatus": "Stable",
    "Description": "原来版本中如果英文和中文连在一起如 sqlserver2000 将只分成 sqlserver2000\nV1.1.0.1 版本如果设置为多元分词，将分成 sqlserver/2000/server2000.\nV1.1.0.1 版本修改了V1.1.0.0 版本一个Bug",
    "ReleasedDatge": "0001-01-01T00:00:00",
    "ModifiedDate": "2009-12-18T03:33:09.657-08:00",
    "Files": [
      {
        "Id": "9cbab461-f8c1-47a6-b74c-2c34b51ba130",
        "FileName": "PanGu_ReleaseV1.1.0.1.zip",
        "Url": "./4/9cbab461-f8c1-47a6-b74c-2c34b51ba130",
        "Type": "Application",
        "UploadDate": "2009-12-18T03:33:09.267-08:00"
      },
      {
        "Id": "3f0e80e6-1059-47b5-bb5b-5166626b13b7",
        "FileName": "PanGu4LuceneV1.1.0.1.zip",
        "Url": "./4/3f0e80e6-1059-47b5-bb5b-5166626b13b7",
        "Type": "Application",
        "UploadDate": "2009-12-18T03:33:09.297-08:00"
      },
      {
        "Id": "6fbef392-1b79-4b0a-804d-1f5149959d67",
        "FileName": "Mannual.pdf",
        "Url": "./4/6fbef392-1b79-4b0a-804d-1f5149959d67",
        "Type": "Application",
        "UploadDate": "2009-12-18T03:33:09.47-08:00"
      }
    ]
  },
  {
    "Id": "5",
    "Name": "最新字典文件 V2.004",
    "DevelopmentStatus": "Stable",
    "Description": "! 字典说明\nV2.003 将性交这个词的词频调低。2010-08-19\n\nDictionaries.zip 新字典集合\nDict.txt 是新整理的文本形式的字典\nDict_old.txt 是原来的文本形式字典\nSynonym.txt 是同义词字典\nDictionaries_Old.zip 是过去的老字典的集合\n! 最新更新\n!! 2010-09-07 V2.004\n删除 “一直是” 这个词\n!! 2010-08-20 V2.003\n新增 \"大失水准\" 和 \"有失水准\" 两个词\n!! 2010-08-19 V2.002\n删除 “的人” 这个词",
    "ReleasedDatge": "0001-01-01T00:00:00",
    "ModifiedDate": "2010-09-06T16:43:24.3-07:00",
    "Files": [
      {
        "Id": "734bd0b7-0d12-4ba5-9e44-ac91fa20f1fd",
        "FileName": "Dictionaries.zip",
        "Url": "./5/734bd0b7-0d12-4ba5-9e44-ac91fa20f1fd",
        "Type": "Documentation",
        "UploadDate": "2010-09-06T16:40:57.26-07:00"
      },
      {
        "Id": "d57e1d22-2078-41af-b001-62db786fbe13",
        "FileName": "Dict.txt",
        "Url": "./5/d57e1d22-2078-41af-b001-62db786fbe13",
        "Type": "Application",
        "UploadDate": "2010-06-04T00:22:34.98-07:00"
      },
      {
        "Id": "c9b05ba4-0f89-47b4-9f14-99183b997a64",
        "FileName": "Dict_old.txt",
        "Url": "./5/c9b05ba4-0f89-47b4-9f14-99183b997a64",
        "Type": "Application",
        "UploadDate": "2010-06-04T00:22:35.183-07:00"
      },
      {
        "Id": "1474d3e1-c3c6-4423-be3b-b5b333388239",
        "FileName": "Synonym.txt",
        "Url": "./5/1474d3e1-c3c6-4423-be3b-b5b333388239",
        "Type": "Application",
        "UploadDate": "2010-06-04T00:27:29.737-07:00"
      },
      {
        "Id": "e55f2910-129d-49ae-9304-dd3b3feff895",
        "FileName": "Dictionaries_Old.zip",
        "Url": "./5/e55f2910-129d-49ae-9304-dd3b3feff895",
        "Type": "Application",
        "UploadDate": "2010-06-04T00:27:29.737-07:00"
      }
    ]
  },
  {
    "Id": "6",
    "Name": "V1.0.0.1",
    "DevelopmentStatus": "Beta",
    "Description": "修改了一个关键错误，这个错误导致分词非常不准确。",
    "ReleasedDatge": "0001-01-01T00:00:00",
    "ModifiedDate": "2009-08-13T18:14:50.347-07:00",
    "Files": [
      {
        "Id": "f0c307d8-ab6e-4941-b282-b1f9cf3e0612",
        "FileName": "PanGuSegmentV1.0.0.1.zip",
        "Url": "./6/f0c307d8-ab6e-4941-b282-b1f9cf3e0612",
        "Type": "Source Code",
        "UploadDate": "2009-08-13T18:05:02.84-07:00"
      },
      {
        "Id": "2b6c9334-45fa-4e52-a72b-3fabb6d959f7",
        "FileName": "PanGu4LuceneV1.0.0.1.zip",
        "Url": "./6/2b6c9334-45fa-4e52-a72b-3fabb6d959f7",
        "Type": "Source Code",
        "UploadDate": "2009-08-13T18:05:02.857-07:00"
      },
      {
        "Id": "3a507a3e-5461-48e8-9049-08d674a3b284",
        "FileName": "PanGuSegment_ReleaseV1.0.0.1.zip",
        "Url": "./6/3a507a3e-5461-48e8-9049-08d674a3b284",
        "Type": "Application",
        "UploadDate": "2009-08-13T18:11:43.81-07:00"
      },
      {
        "Id": "44d9c278-e398-49aa-95c6-3a79b96ef9c0",
        "FileName": "PanGu4Lucene_ReleaseV1.0.0.1.zip",
        "Url": "./6/44d9c278-e398-49aa-95c6-3a79b96ef9c0",
        "Type": "Application",
        "UploadDate": "2009-08-13T18:11:43.84-07:00"
      }
    ]
  },
  {
    "Id": "7",
    "Name": "V1.0.0.2",
    "DevelopmentStatus": "Beta",
    "Description": "这个版本主要对未登录词算法进行了改进，增加了对单字词词性的判断，如果词性是介词，连词，代词或助词则不作为未登录词输出。\n! 改进后的分词效果\n(要输出这个效果除了将组件更新到这个版本意外还要下载最新的字典文件）\n!! 用于测试的句子\n长春市长春节致词。\n长春市长春药店。\n我的和服务必在明天做好。\n一次性交一百元。\n我发现有很多人喜欢他。\n我喜欢看电视剧大长今。\n半夜给拎起来陪看欧洲杯糊着两眼半晌没搞明白谁和谁踢。\n李智伟高兴兴以及王晓薇出去玩，后来智伟和晓薇又单独去玩了。\n一次性交出去很多钱。 \n!! 分词输出（已过滤标点符号）\n长春/市长/春节/致词/长春市/长春/药店/我/的/和服/务必/在/明天/做好/一次/性交/一百/元/我/发现/有/很多/人/喜欢/他/我/喜欢/看/电视剧/大长今/半夜/给/拎/起来/陪/看/欧洲杯/糊着两眼/半晌/没/搞/明白/谁/和/谁/踢/李智伟/高兴兴/以及/王晓薇/出去/玩/后来/智/伟/和/晓/薇/又/单独/去/玩/了/一次性/交出去/很多/钱/",
    "ReleasedDatge": "0001-01-01T00:00:00",
    "ModifiedDate": "2009-08-17T19:06:23.243-07:00",
    "Files": [
      {
        "Id": "48becb3b-69ff-43c4-a2f2-bec1ba009b8d",
        "FileName": "PanGu_SourceV1.0.0.2.zip",
        "Url": "./7/48becb3b-69ff-43c4-a2f2-bec1ba009b8d",
        "Type": "Application",
        "UploadDate": "2009-08-14T01:11:11.253-07:00"
      },
      {
        "Id": "19719809-2cdc-42e0-98ed-b4f520dfa5a5",
        "FileName": "PanGu4Lucene_SourceV1.0.0.2.zip",
        "Url": "./7/19719809-2cdc-42e0-98ed-b4f520dfa5a5",
        "Type": "Application",
        "UploadDate": "2009-08-14T01:11:11.283-07:00"
      },
      {
        "Id": "248de84d-8da5-42ab-8b85-b0323d837200",
        "FileName": "PanGu_ReleaseV1.0.0.2.zip",
        "Url": "./7/248de84d-8da5-42ab-8b85-b0323d837200",
        "Type": "Application",
        "UploadDate": "2009-08-13T19:46:33.973-07:00"
      },
      {
        "Id": "2f121c5a-a8d6-4df8-bf45-a8101d17c9fa",
        "FileName": "PanGu4Lucene_ReleaseV1.0.0.2.zip",
        "Url": "./7/2f121c5a-a8d6-4df8-bf45-a8101d17c9fa",
        "Type": "Application",
        "UploadDate": "2009-08-14T01:11:11.333-07:00"
      },
      {
        "Id": "9563649d-e1a1-4190-b6a4-de95e1ed1457",
        "FileName": "Mannual.pdf",
        "Url": "./7/9563649d-e1a1-4190-b6a4-de95e1ed1457",
        "Type": "Documentation",
        "UploadDate": "2009-08-17T19:06:23.103-07:00"
      }
    ]
  },
  {
    "Id": "8",
    "Name": "V1.0.0.0",
    "DevelopmentStatus": "Beta",
    "Description": "V1.0.0.0 是盘古分词第一个正式版本",
    "ReleasedDatge": "0001-01-01T00:00:00",
    "ModifiedDate": "2009-08-13T01:39:11.093-07:00",
    "Files": [
      {
        "Id": "e17bb2c5-4a61-4905-999e-c48d518bc235",
        "FileName": "PanGuSegment_Source V1.0.0.0.zip",
        "Url": "./8/e17bb2c5-4a61-4905-999e-c48d518bc235",
        "Type": "Source Code",
        "UploadDate": "2009-08-13T01:39:10.78-07:00"
      },
      {
        "Id": "8c344840-be37-4bf9-8c4d-c330a4bd6124",
        "FileName": "PanGu4Lucene_Source V1.0.0.0.zip",
        "Url": "./8/8c344840-be37-4bf9-8c4d-c330a4bd6124",
        "Type": "Source Code",
        "UploadDate": "2009-08-13T00:08:33.1-07:00"
      },
      {
        "Id": "46fd8876-41cc-4f11-8d09-921eca83f7d6",
        "FileName": "PanGuSegment_Release V1.0.0.0.zip",
        "Url": "./8/46fd8876-41cc-4f11-8d09-921eca83f7d6",
        "Type": "Application",
        "UploadDate": "2009-08-13T01:39:10.81-07:00"
      },
      {
        "Id": "0deeb0ce-e919-4161-b3f6-f6f1df3751ed",
        "FileName": "PanGu4Lucene_Release V1.0.0.0.zip",
        "Url": "./8/0deeb0ce-e919-4161-b3f6-f6f1df3751ed",
        "Type": "Application",
        "UploadDate": "2009-08-13T00:08:33.633-07:00"
      }
    ]
  },
  {
    "Id": "9",
    "Name": "中文新闻测试数据 News.xml",
    "DevelopmentStatus": "Stable",
    "Description": "2.9 万条中文新闻测试数据\nTest data for Chinese news.\n",
    "ReleasedDatge": "0001-01-01T00:00:00",
    "ModifiedDate": "2009-08-12T18:37:02.213-07:00",
    "Files": [
      {
        "Id": "478f4c2d-04be-4027-9569-9ed039a2e457",
        "FileName": "news.zip",
        "Url": "./9/478f4c2d-04be-4027-9569-9ed039a2e457",
        "Type": "Documentation",
        "UploadDate": "2009-08-12T18:37:00.79-07:00"
      }
    ]
  },
  {
    "Id": "10",
    "Name": "盘古分词 V2.3.1.0 版本",
    "DevelopmentStatus": "Stable",
    "Description": "发现打开多元分词开关后，英文分词速度非常慢，将英文的多元分词单独分开，新增一个英文多元分词的开关，默认不打开。\n对词频优先的规则进行了改进，已经可以成功的将 一次性交100元 分成 一次性/交/100/元\n自定义接口示例中增加提取版本号的功能\n自定义接口增加一个原始文本的属性\n优化了英文多元分词性能，界面上提供英文多元分词的选项",
    "ReleasedDatge": "0001-01-01T00:00:00",
    "ModifiedDate": "2010-08-19T22:50:19.29-07:00",
    "Files": [
      {
        "Id": "64d514d9-9dff-4160-ac74-8fde141ca811",
        "FileName": "PanGu_Release_V2.3.1.0.zip",
        "Url": "./10/64d514d9-9dff-4160-ac74-8fde141ca811",
        "Type": "Application",
        "UploadDate": "2010-08-19T22:50:18.04-07:00"
      },
      {
        "Id": "fab0bf13-20b1-400c-967b-61c300d586a8",
        "FileName": "PanGu_SourceCode_V2.3.1.0.zip",
        "Url": "./10/fab0bf13-20b1-400c-967b-61c300d586a8",
        "Type": "Source Code",
        "UploadDate": "2010-08-19T22:50:18.057-07:00"
      },
      {
        "Id": "2f7e991e-78e9-44ea-be9f-ae65e4f6d882",
        "FileName": "PanGu4Lucene_V2.3.1.0.zip",
        "Url": "./10/2f7e991e-78e9-44ea-be9f-ae65e4f6d882",
        "Type": "Example",
        "UploadDate": "2010-08-19T22:50:18.12-07:00"
      },
      {
        "Id": "d651bf47-522d-4106-8cad-3ad9d092db48",
        "FileName": "Mannual.pdf",
        "Url": "./10/d651bf47-522d-4106-8cad-3ad9d092db48",
        "Type": "Documentation",
        "UploadDate": "2010-08-19T22:50:18.48-07:00"
      }
    ]
  }
]