[
  {
    "Title": "DictManage",
    "Id": "444335",
    "ParentWikiTitle": "Home",
    "FileExtension": "html",
    "UpdatedDate": "2011-06-30T04:31:10.267-07:00",
    "FileAttachments": [
      {
        "Id": "bdd7f7d3-ca6b-454f-b86a-f0eb3a65e331",
        "FileName": "image_2.png",
        "DownloadUri": "./444335/bdd7f7d3-ca6b-454f-b86a-f0eb3a65e331"
      },
      {
        "Id": "c67708c1-c20e-4ab8-b625-2467de4d4fad",
        "FileName": "image_thumb.png",
        "DownloadUri": "./444335/c67708c1-c20e-4ab8-b625-2467de4d4fad"
      },
      {
        "Id": "3ac60edd-da14-4910-87d6-cc6c99859aef",
        "FileName": "image_4.png",
        "DownloadUri": "./444335/3ac60edd-da14-4910-87d6-cc6c99859aef"
      },
      {
        "Id": "2f638d94-5fbf-4b67-84b0-f768b789a0da",
        "FileName": "image_thumb_1.png",
        "DownloadUri": "./444335/2f638d94-5fbf-4b67-84b0-f768b789a0da"
      },
      {
        "Id": "e900e881-3d15-4be2-bfb6-10f46e4d60bb",
        "FileName": "image_6.png",
        "DownloadUri": "./444335/e900e881-3d15-4be2-bfb6-10f46e4d60bb"
      },
      {
        "Id": "15002eac-5fb6-4824-9125-f568c0939053",
        "FileName": "image_thumb_2.png",
        "DownloadUri": "./444335/15002eac-5fb6-4824-9125-f568c0939053"
      }
    ]
  },
  {
    "Title": "Documentation",
    "Id": "361807",
    "ParentWikiTitle": "Documentation",
    "FileExtension": "codeplexwiki",
    "UpdatedDate": "2010-12-28T19:44:38.613-08:00",
    "FileAttachments": []
  },
  {
    "Title": "PanGu4Lucene",
    "Id": "361806",
    "ParentWikiTitle": "Home",
    "FileExtension": "html",
    "UpdatedDate": "2010-12-28T19:43:23.37-08:00",
    "FileAttachments": [
      {
        "Id": "361b8045-c10c-4127-912b-b4fb5128fc56",
        "FileName": "image_2.png",
        "DownloadUri": "./361806/361b8045-c10c-4127-912b-b4fb5128fc56"
      },
      {
        "Id": "75ac3282-ea19-4af0-912e-b54ab44c5449",
        "FileName": "image_thumb.png",
        "DownloadUri": "./361806/75ac3282-ea19-4af0-912e-b54ab44c5449"
      }
    ]
  },
  {
    "Title": "DemoExe",
    "Id": "361804",
    "ParentWikiTitle": "Home",
    "FileExtension": "html",
    "UpdatedDate": "2010-12-28T19:35:25.403-08:00",
    "FileAttachments": [
      {
        "Id": "e8b6d96c-5f19-47cb-821e-7db292f0ae2c",
        "FileName": "image_4.png",
        "DownloadUri": "./361804/e8b6d96c-5f19-47cb-821e-7db292f0ae2c"
      },
      {
        "Id": "13656999-30a8-4a3c-9163-40feb46ebb74",
        "FileName": "image_thumb_1.png",
        "DownloadUri": "./361804/13656999-30a8-4a3c-9163-40feb46ebb74"
      }
    ]
  },
  {
    "Title": "How to call",
    "Id": "361798",
    "ParentWikiTitle": "Home",
    "FileExtension": "html",
    "UpdatedDate": "2010-12-28T19:24:55.457-08:00",
    "FileAttachments": []
  },
  {
    "Title": "Files",
    "Id": "361792",
    "ParentWikiTitle": "Home",
    "FileExtension": "html",
    "UpdatedDate": "2010-12-28T19:03:41.963-08:00",
    "FileAttachments": []
  },
  {
    "Title": "Home",
    "Id": "354125",
    "ParentWikiTitle": "Home",
    "FileExtension": "codeplexwiki",
    "UpdatedDate": "2010-12-07T13:56:55.4-08:00",
    "FileAttachments": [
      {
        "Id": "38c03197-19d3-45cf-8c68-0476d4c5b387",
        "FileName": "PanGu.png",
        "DownloadUri": "./354125/38c03197-19d3-45cf-8c68-0476d4c5b387"
      },
      {
        "Id": "3e5b1812-faf7-46b0-a701-3cf66b2716a2",
        "FileName": "DemoV1.0.0.2.PNG",
        "DownloadUri": "./354125/3e5b1812-faf7-46b0-a701-3cf66b2716a2"
      }
    ]
  }
]
